,Methanobrevibacter,Methanosphaera,Methanomassiliicoccus,Actinomyces,Mobiluncus,Varibaculum,Brevibacterium,Corynebacterium,Brachybacterium,Dietzia,Leucobacter,Microbacterium,Micrococcus,Rothia,Mycobacterium,Bifidobacterium,Scardovia,Adlercreutzia,Asaccharobacter,Atopobium,Collinsella,Cryptobacterium,Eggerthella,Gordonibacter,Olsenella,Paraeggerthella,Senegalemassilia,Slackia,Coriobacteriaceae.unclassified,Bacteroides,X.Barnesiella.unclassified.,Barnesiella,Butyricimonas,Odoribacter,Parabacteroides,Porphyromonas,Porphyromonadaceae.unclassified,Paraprevotella,Prevotella,Prevotellaceae.unclassified,Alistipes,X.Prevotella.,Bacteroidales.unclassified.unclassified,Chryseobacterium,Wautersiella,Cloacibacterium,X.Melainabacter.,X.Bacilli.Clostridia..unclassified.unclassified.unclassified,Bacillus,Geobacillus,Brochothrix,Staphylococcus,Gemella,Abiotrophia,Granulicatella,Enterococcus,Tetragenococcus,Lactobacillus,Pediococcus,Leuconostoc,Weissella,Lactococcus,Streptococcus,X.Clostridiaceae.Eubacteriaceae..unclassified,X.Clostridiaceae.Ruminococcaceae..unclassified,X.Clostridiaceae.unclassified..unclassified,X.Eubacteriaceae.Lachnospiraceae..unclassified,X.Lachnospiraceae.unclassified..unclassified,X.Oscillospiraceae.Ruminococcaceae..unclassified,X.Ruminococcaceae.unclassified..unclassified,Catabacter,Christensenella,Christensenellaceae.unclassified,Butyricicoccus,Clostridium,Sarcina,Clostridiaceae.unclassified,X.Finegoldia.Unclassified_Tissierellaceae.,Anaerococcus,Parvimonas,Peptoniphilus,Mogibacterium,Dehalobacterium,Anaerofustis,Eubacterium,Pseudoramibacter,X.Blautia.Roseburia.,X.Blautia.unclassified.,X.Lachnoclostridium.unclassified.,Anaerostipes,Anoxystipes,Blautia,Butyrivibrio,Cellulosilyticum,Coprococcus,Dorea,Hespellia,Lachnoanaerobaculum,Lachnoclostridium,Lachnospira,Lactonifactor,Marvinbryantia,Oribacterium,Parasporobacterium,Pseudobutyrivibrio,Robinsoniella,Roseburia,Tyzzerella,X.Ruminococcus.,Lachnospiraceae.unclassified,Oscillibacter,Peptococcus,Asaccharospora,Intestinibacter,Paeniclostridium,Peptoclostridium,Peptostreptococcaceae,Peptostreptococcus,Romboutsia,Terrisporobacter,Peptostreptococcaceae.unclassified,X.Candidatus_Soleaferrea.unclassified.,X.Faecalibacterium.Gemmiger.,X.Faecalibacterium.unclassified.,X.Gemmiger.unclassified.,X.Ruminococcus.unclassified.,Anaerofilum,Anaerotruncus,Candidatus_Soleaferrea,Faecalibacterium,Gemmiger,Intestinimonas,Oscillospira,Papillibacter,Ruminococcus,Subdoligranulum,Ruminococcaceae.unclassified,Howardella,X.Bacteroides.,X.Mogibacteriaceae..unclassified,Clostridiales.unclassified.unclassified,Absiella,Bulleidia,Candidatus_Stoquefichus,Catenibacterium,Dielma,Eggerthia,Erysipelatoclostridium,Faecalicoccus,Faecalitalea,Holdemanella,Holdemania,RFN20,Solobacterium,Turicibacter,cc_115,p.75.a5,Erysipelotrichaceae.unclassified,Acidaminococcus,Phascolarctobacterium,Selenomonadales.unclassified.unclassified,Allisonella,Anaerovibrio,Dialister,Megamonas,Megasphaera,Mitsuokella,Veillonella,Firmicutes.unclassified.unclassified.unclassified.unclassified,Fusobacterium,Leptotrichia,Sneathia,Victivallis,Brevundimonas,Phenylobacterium,RF32.unclassified.unclassified,Bradyrhizobium,Methylobacterium,Agrobacterium,Paracoccus,Blastomonas,Sphingomonas,Achromobacter,Lautropia,X.Diaphorobacter.Hylemonella.,Comamonas,Pelomonas,Variovorax,Herbaspirillum,Massilia,Oxalobacter,Oxalobacteraceae.unclassified,Parasutterella,Sutterella,Sutterellaceae.unclassified,Eikenella,Neisseria,Bilophila,Desulfovibrio,Desulfovibrionaceae.unclassified,Campylobacter,Helicobacter,Aeromonas,Succinatimonas,Succinivibrio,Cardiobacterium,X.Averyella.Citrobacter.Enterobacter.Kluyvera.,X.Citrobacter.Raoultella.,X.Erwinia.unclassified.,X.Escherichia.Hafnia.,X.Gluconacetobacter.Yersinia.,X.Shigella.unclassified.,Cedecea,Citrobacter,Cronobacter,Enterobacter,Erwinia,Escherichia,Leminorella,Moellerella,Morganella,Proteus,Providencia,Raoultella,Salmonella,Serratia,Trabulsiella,Yersinia,Yokenella,Enterobacteriaceae.unclassified,X.Haemophilus.unclassified.,Aggregatibacter,Haemophilus,Pasteurellaceae.unclassified,Acinetobacter,Moraxella,Pseudomonas,Vibrio,Stenotrophomonas,Cloacibacillus,Pyramidobacter,Mycoplasma,Unclassified.unclassified.unclassified.unclassified.unclassified,Akkermansia
SRR6463032,0,0,0,0,0,0,0,0,0,0,0,0,0,3,0,3,3,0,0,0,1,0,0,0,0,0,0,0,0,234,0,0,0,0,0,0,0,0,1,0,1,0,0,0,0,0,0,0,0,0,0,0,0,0,2,403,0,21558,0,0,0,0,140,0,0,0,1027,194,0,0,0,0,0,0,14,0,0,0,0,0,0,0,0,0,22,0,0,5963,0,5570,0,5286,0,0,7,2004,0,0,1033,0,0,0,0,0,0,0,245,0,12,102,0,0,0,0,0,0,0,0,0,0,0,0,0,0,0,0,0,0,0,2,0,0,0,0,3015,0,31,0,0,0,5,0,0,0,0,0,0,43,0,0,0,0,0,0,0,0,0,562,0,0,0,0,0,491,0,0,0,4456,0,1861,0,0,0,0,0,0,0,0,0,0,0,0,0,0,0,0,0,0,0,0,0,0,0,0,0,0,0,0,0,0,10,0,0,0,0,0,0,0,0,0,0,524,0,2,0,0,0,0,0,0,0,0,0,0,0,0,0,0,0,0,0,0,0,0,0,0,0,0,0,0,0,0,0,530
SRR6463037,0,0,0,6,0,0,0,1,0,0,0,0,0,2,0,16,0,0,0,1,0,0,4,0,0,0,0,0,0,19291,0,404,189,135,0,0,0,0,207,1,4298,0,0,0,0,0,0,0,0,0,0,0,0,0,7,40,0,2754,0,0,0,0,748,0,0,0,9,1,0,0,0,0,0,0,329,0,0,0,0,0,11,5,0,0,69,0,0,413,358,319,5,6234,0,0,0,1361,0,0,5950,2,1,0,2,0,0,0,2,286,149,1368,1,0,0,135,0,0,0,0,0,0,0,0,0,0,0,0,0,0,0,0,0,0,615,0,65,0,996,0,0,0,0,16,0,0,0,0,0,846,0,0,0,0,0,0,0,0,0,0,1,5715,86,0,0,6,0,0,0,0,0,11,0,0,45,0,0,0,0,0,0,0,0,0,0,0,0,0,0,0,0,0,0,0,0,26,560,0,0,832,0,0,6,0,0,0,0,0,2,0,0,0,0,7083,0,33,0,0,0,3,0,0,4,8,0,3,0,0,0,0,0,0,0,0,0,0,2,0,0,0,0,0,116,0,46,0
SRR6463054,0,0,0,0,0,0,0,0,0,0,0,0,0,0,0,13,0,0,0,0,0,0,0,0,0,0,0,0,0,9307,0,0,0,0,0,0,0,0,2,0,0,0,0,0,0,0,0,0,0,0,0,0,0,0,1,1,0,47,0,0,0,4,46,0,0,0,299,10,0,0,0,0,0,0,40,0,0,0,3,0,1,0,0,0,163,0,0,1901,0,0,3,600,0,0,201,733,0,0,427,0,1,0,0,0,0,0,689,255,0,528,161,0,0,8,0,0,0,2,0,0,0,0,0,1387,0,0,0,0,0,122,0,1,175,0,352,0,69,0,0,2,39,0,0,12,0,1,0,28,0,0,0,3,0,0,0,0,0,348,88,0,5,0,0,0,0,0,0,0,0,5,0,0,0,0,0,0,0,0,0,0,0,0,0,0,0,0,0,0,0,0,0,0,0,0,0,0,0,37,0,0,0,0,0,0,0,0,0,0,0,0,0,62,0,0,0,0,0,0,0,0,0,0,0,0,0,0,0,0,0,0,0,0,0,0,0,0,0,0,0,0,0,0,0,10320
SRR6463059,0,0,0,2,0,0,0,0,0,0,0,0,0,0,0,2,0,0,0,0,0,0,1,0,0,0,0,0,0,24554,0,0,0,0,0,0,0,0,0,0,5273,0,0,0,0,0,2,0,0,0,0,1,1,0,0,2,0,35,0,0,0,0,32,0,0,0,1400,74,0,0,0,2,0,0,80,0,0,0,0,0,0,0,0,0,421,0,0,2448,0,112,2,1927,0,0,139,1025,0,0,1391,0,12,5,0,0,0,0,3214,400,4,2022,62,0,0,32,0,0,0,0,0,0,0,0,8,0,0,0,0,0,0,6,4,2,125,0,1824,0,82,0,0,5,913,18,0,0,0,3,0,6,0,0,0,4,0,0,0,0,0,323,0,0,0,0,0,1097,0,0,0,1,0,1,0,0,3,0,0,125,0,0,0,0,0,0,0,0,0,0,0,0,0,0,0,0,0,1,0,0,0,0,0,0,0,0,0,0,0,0,1,3,0,0,0,384,0,0,0,0,0,0,0,0,0,45,0,0,0,0,0,0,0,0,0,0,1,0,0,0,0,0,0,0,0,0,0,9453
SRR6463099,0,0,0,4,0,0,0,1,0,0,0,0,0,6,0,138,0,0,0,2,1,0,0,0,0,0,0,0,0,25936,0,0,0,0,0,0,0,0,6,0,1,0,0,0,0,0,0,2,0,0,0,3,4,0,11,0,0,84,0,1,0,0,483,0,0,0,5,1,0,0,0,0,0,0,65,0,0,0,0,0,0,0,0,0,9,0,0,4359,0,10,0,10218,0,0,2,1047,0,0,981,0,9,0,2,0,0,0,4,1,0,21,1,0,0,6,0,0,0,3,0,0,0,0,0,1,0,0,0,0,0,0,0,0,3,0,81,0,10,0,0,1,2,0,0,0,0,0,0,39,0,0,0,0,0,3,0,0,0,2,0,0,0,0,0,0,0,0,0,9,0,7446,0,0,0,0,0,0,0,0,0,0,0,0,0,0,0,0,0,0,0,0,0,0,0,0,0,0,0,0,0,0,0,0,0,0,1,0,0,0,0,0,0,1802,0,2,0,0,0,3,0,0,1,1,0,1,0,0,0,0,0,0,0,0,0,0,0,0,0,0,0,0,0,0,0,0
SRR6463102,0,0,0,1,0,0,0,0,0,0,0,0,0,0,0,2847,0,0,0,0,0,0,2,1,0,0,0,0,0,32228,0,416,115,59,237,0,0,0,9,0,5227,207,0,0,0,0,0,0,0,0,0,0,0,0,0,13,0,12,0,0,0,0,49,0,0,1,131,5,0,0,5,0,0,0,31,0,0,0,0,0,0,0,1,0,477,0,0,839,149,1,2,172,0,0,93,358,0,0,898,0,0,0,0,0,0,0,16,396,1,1688,277,0,0,0,0,0,0,0,0,0,0,0,0,4,0,0,0,34,0,3,1,0,259,0,158,0,79,0,0,0,5,0,0,0,0,3,0,361,0,0,3,0,0,1,0,0,0,0,0,0,0,0,0,1696,0,0,0,68,0,4449,0,0,0,0,0,0,0,0,0,0,0,0,0,0,0,0,0,0,0,0,0,0,1,29,0,0,0,33,0,0,0,0,0,0,0,0,0,0,0,0,0,0,0,3,0,0,0,0,0,0,0,0,0,0,0,0,0,0,0,0,0,0,0,0,0,0,0,0,0,0,3,0,2,3
SRR6463141,0,0,0,19,0,0,0,0,0,0,0,0,0,0,0,1,2,0,0,0,0,0,0,3,0,0,0,0,0,44,0,0,0,0,75,0,0,0,6,0,0,0,0,0,0,3,0,0,0,0,0,0,15,1,17,74,0,0,0,0,0,0,57,0,0,0,1,1,0,0,0,0,0,0,45,0,0,0,0,7,0,2,0,0,2,0,0,2,0,0,0,19084,0,0,0,1692,0,0,133,0,2,0,0,0,0,0,2,22,7,69,0,0,0,326,0,0,0,0,0,81,6,0,0,0,0,0,0,0,0,1,0,0,2,0,0,0,19,0,0,0,1,2,0,0,0,0,0,1548,0,0,0,0,0,5,7,0,0,88,0,0,0,0,0,1,0,2,0,11,0,2,0,0,0,0,0,0,0,0,1,0,0,0,0,0,0,0,0,0,0,0,0,0,0,0,0,0,0,0,0,0,0,0,0,0,0,0,313,1,0,0,0,12085,0,62,0,0,0,13,0,0,37,6,0,13,0,7,0,0,1,0,0,0,0,0,7,0,0,0,0,0,0,0,0,0
SRR6463142,0,0,0,27,0,0,0,5,0,0,0,0,0,2,0,142,1,17,0,6,0,0,3,6,0,0,0,0,157,197,0,21,0,1,35,0,0,6,100,0,11,0,0,0,0,0,1,0,0,0,0,0,25,0,18,7,0,17,0,0,0,0,1422,0,0,0,0,4742,0,0,0,1,0,0,120,0,0,1,0,1,0,5,0,3,5422,0,0,11977,0,0,3,1720,0,0,845,8953,0,0,1753,0,17,0,4,0,0,0,2,125,23,846,15,0,0,1,0,0,0,2,0,0,1,0,0,1325,0,0,0,5,0,180,13,0,42,0,781,11,3481,0,0,5,958,0,0,0,0,0,0,1204,0,0,0,4,0,3,0,0,0,0,0,931,0,381,0,40,0,0,0,0,0,115,0,0,0,0,0,26,1,0,0,0,0,0,0,0,0,0,0,0,0,0,3,0,25,0,24,0,0,46,0,7,0,0,0,0,0,0,1,0,0,0,0,9269,0,27,0,0,0,22,0,0,0,0,0,1,0,0,0,0,0,0,0,0,0,0,1,0,0,0,0,0,0,0,0,5
SRR6463160,21,0,0,41,0,0,0,1,0,0,0,0,0,0,0,422,1,0,0,5,22,0,0,1,0,0,7,7,11,11549,0,0,28,9,306,0,0,135,13,0,156,0,0,0,0,0,0,0,0,0,0,0,8,1,16,2,0,22,0,80,0,0,311,0,0,1,4,4,1,1,3,13,7,0,310,0,0,0,0,2,2,5,1,4,160,0,0,4818,3,6,9,6333,0,0,16,2344,0,0,4026,0,9,0,0,0,0,0,0,231,5,393,82,0,0,218,0,0,0,3,0,42,27,0,1,7,2,0,1,5,0,1504,0,0,690,0,221,0,97,0,0,2,15,0,0,0,0,16,0,2846,0,0,0,21,0,3,0,0,0,2,0,930,0,0,0,3,0,0,0,0,1,521,0,0,1,0,0,0,0,0,0,0,0,0,0,0,0,0,0,0,0,0,1,1,0,174,0,0,0,504,1018,8,0,0,0,0,0,0,0,0,0,0,0,863,0,0,0,0,0,0,0,0,0,0,0,0,0,0,0,0,0,0,0,0,2,0,0,0,0,0,0,0,18,0,0,66
SRR6463161,0,0,0,0,0,0,0,0,0,0,0,0,0,0,0,15,0,0,0,0,0,0,0,0,0,0,0,1,0,15323,0,37,33,57,450,0,2,174,943,0,1038,0,2,0,0,0,0,0,0,0,0,0,0,0,0,0,0,0,0,0,0,2,100,0,0,0,49,69,6,0,0,4,5,0,10,0,0,0,0,0,0,60,0,0,84,0,0,455,106,5,0,769,0,3,104,160,0,0,390,0,0,0,1,0,0,0,600,335,3,214,979,21,0,0,0,0,0,0,0,0,1,0,63,5,0,0,0,6,0,6,0,0,100,0,4035,17,1016,0,0,18,21,0,0,48,0,0,0,4,0,0,428,22,0,0,0,0,0,51,0,321,0,0,0,1,0,0,0,0,0,17621,0,0,0,0,0,0,0,0,0,0,0,0,0,0,0,0,0,0,0,0,0,0,0,234,0,0,0,10,138,9,0,0,0,0,0,0,0,0,0,0,0,6,0,0,0,0,0,0,0,0,0,0,0,0,0,0,0,0,0,0,0,0,6,0,0,0,0,0,0,0,2,0,0,323
SRR6463179,0,0,0,17,0,0,0,0,1,0,0,0,0,8,0,607,15,0,0,12,1,3,0,0,0,0,0,0,0,33,0,0,0,0,0,0,0,0,2,0,1,0,0,0,0,0,0,0,0,0,0,2,6,0,9,17,0,220,0,14,0,885,859,0,0,0,1,1,0,1,0,1,0,0,18,0,0,0,1,0,2,0,0,0,6,0,0,9,0,3,1,50,0,0,0,1349,0,7,405,0,6,0,3,0,0,0,2,187,0,17,4,0,0,2918,0,0,0,1,0,0,1,0,1,3,0,0,0,0,0,2,0,0,1,0,8,0,2,0,0,0,7,0,0,0,380,0,0,31,0,0,2,0,0,2,0,0,0,2,0,0,0,0,0,3,0,1,0,42,0,138,1,0,0,0,0,0,0,0,0,0,0,1,0,0,0,0,0,0,0,0,0,0,0,0,0,0,0,0,0,0,0,0,0,0,1,0,11169,5,0,0,0,929,0,169,0,4,0,0,0,0,276,0,0,75,0,3,3,0,40,1,0,0,2,0,1,0,0,0,0,0,0,0,0,3
SRR6463189,0,0,0,2,0,0,0,0,0,0,0,0,0,0,0,535,0,1,0,0,9,0,5,0,0,0,0,0,0,42032,0,224,23,53,1007,0,1,0,14,0,270,0,1,0,0,0,0,2,0,0,0,0,0,0,2,0,0,0,0,2,0,1,483,0,0,0,4,340,0,0,0,7,0,0,124,0,0,0,0,3,0,5,0,6,1449,0,0,1166,525,3,8,1475,0,0,439,671,0,0,1017,0,2,0,0,0,0,0,5,32,5,138,334,2,0,93,0,0,0,0,0,0,2,0,1,4319,0,0,0,0,0,1834,4,4,749,0,606,0,101,0,0,0,12,62,0,11,0,7,0,98,0,0,0,33,0,2,0,1,0,187,568,536,0,0,0,1,0,0,0,0,1,0,0,0,0,0,0,0,0,0,0,0,0,0,0,0,0,0,0,0,0,0,0,0,280,0,428,0,0,106,0,0,0,0,0,0,0,0,0,0,0,0,0,14,0,0,0,0,0,0,0,0,0,0,0,0,0,0,0,0,0,0,0,0,0,0,1,0,0,0,0,0,0,0,0,2
SRR6463192,0,0,0,16,0,0,0,0,0,0,0,0,0,4,0,6,0,0,0,0,0,0,6,0,0,0,0,0,0,378,0,0,0,0,56,0,0,0,3,0,109,0,1,0,0,1,0,0,0,0,0,0,10,0,12,15,0,0,0,9,0,119,1929,0,0,0,951,14,0,0,2,0,0,3,11,0,0,0,0,0,0,5,0,0,4,0,0,1635,4,2,0,17672,1,0,19,5459,0,2,1409,0,20,0,0,0,0,0,121,67,6,1116,2,0,0,0,0,0,0,2,0,1,0,0,1,0,0,0,0,0,0,1,0,0,351,0,84,0,5,0,0,0,3,167,0,0,0,0,0,181,0,0,0,0,0,3,0,0,0,2,0,0,28,0,0,2,0,1,0,12,0,1,0,0,0,0,0,0,0,0,0,0,0,0,0,0,0,0,0,0,0,0,0,0,0,0,0,0,0,102,2,0,0,0,0,0,0,0,42,16,0,4,0,853,0,5,0,0,0,0,0,0,173,2,0,1,2,0,1,0,0,0,0,2,2,0,0,0,0,0,0,0,0,0,0,1
SRR6463213,0,0,0,0,0,0,0,0,0,0,0,0,0,0,0,0,0,0,0,0,0,0,0,0,0,0,1,2,1,911,0,3,0,5,29,0,2,42,51,0,95,0,0,0,0,0,0,1,0,0,0,0,0,0,0,0,0,0,0,0,0,0,2,0,0,0,714,51,0,0,0,0,0,0,72,0,0,0,0,1,0,0,0,1,922,0,0,7366,554,1670,43,7307,0,0,1463,4718,0,0,769,0,50,0,0,0,0,0,76,516,0,371,45,0,0,0,0,0,0,0,0,0,0,0,1,1,0,0,0,0,0,5,0,12,148,0,518,0,85,0,0,12,2,2,0,1,0,1,0,181,0,0,12646,5,0,0,0,0,0,1,0,76,0,27,0,0,0,0,0,0,0,95,0,0,0,0,0,0,0,0,0,0,0,0,0,0,0,0,0,0,0,0,0,0,0,6,0,0,0,1,0,6,0,0,0,0,0,0,0,0,0,0,0,0,0,0,0,0,0,0,0,0,0,0,0,0,0,0,0,0,0,0,0,0,0,0,0,0,0,0,0,0,0,0,0,0
SRR6463215,0,0,0,0,0,0,0,0,0,0,0,0,0,2,0,12,0,0,0,3,0,0,0,0,1,2,0,0,0,9651,0,41,9,0,678,0,58,682,98,0,369,0,0,0,0,0,0,0,0,0,0,1,0,0,4,23,0,9,0,9,0,15,663,0,0,0,1,170,0,0,0,0,0,0,84,0,0,0,0,0,0,13,0,0,609,0,0,463,3369,946,0,17757,0,0,21,11744,0,0,4663,0,46,0,0,0,0,0,0,36,31,1841,0,0,0,18,0,0,0,3,0,118,0,0,2,0,0,0,0,0,0,1,0,0,11,0,47,0,13,0,0,0,2,60,0,2,0,0,0,1693,0,0,33,0,0,0,0,0,0,0,0,2,0,0,0,95,0,0,0,2,0,73,0,0,0,0,0,0,0,0,0,0,0,0,0,0,0,0,0,0,0,0,0,0,0,147,0,0,0,256,0,0,0,0,0,0,0,0,1,0,0,1,0,732,0,0,0,0,0,1,0,0,0,0,0,0,0,1,0,0,1,0,0,0,0,0,0,0,0,0,0,0,0,0,0,3
SRR6463217,0,0,0,2,0,0,0,2,0,0,0,0,0,0,0,31,0,0,0,0,0,0,0,0,0,0,0,0,0,26856,0,0,0,0,0,0,0,0,3,0,38,0,0,0,0,0,0,0,0,0,2,0,0,0,1,3,0,74,0,0,0,0,67,0,0,0,1,1,0,0,0,0,0,0,12,0,0,0,0,0,0,1,0,0,17,0,0,9802,0,885,0,784,0,0,0,260,0,3,2037,0,5,0,0,0,0,0,305,0,0,16,1,0,0,7,0,0,0,0,0,2,0,0,0,0,0,0,0,1,0,0,0,0,124,0,215,0,101,0,0,0,3,6,0,0,0,0,0,141,0,0,0,0,0,2,0,0,0,519,0,0,0,0,0,0,0,1,0,2625,0,3707,0,0,0,0,0,0,0,0,0,0,0,0,0,0,0,0,0,0,0,0,5,0,338,1,0,0,0,0,0,0,0,0,0,0,0,0,15,0,0,0,0,424,0,2,0,0,0,0,0,0,2,0,0,0,0,0,0,0,2,0,0,0,0,0,0,0,0,0,0,0,0,0,0,801
SRR6463255,0,0,0,0,0,0,0,0,0,0,0,0,0,0,0,1026,0,0,0,0,0,0,2,0,0,0,0,0,0,16027,0,1,0,0,356,0,0,0,5,0,1,0,0,0,0,0,0,12,0,0,0,0,0,0,0,0,0,129,53,0,0,30,0,0,0,0,131,2,0,0,0,0,1,2,298,0,0,0,0,0,0,0,0,2,325,0,0,2065,0,403,6,2191,0,0,8,466,0,0,358,0,11,0,0,0,0,0,549,47,64,359,142,0,0,99,0,0,0,0,0,0,8,0,0,570,107,0,0,0,0,1365,0,0,151,0,179,0,64,0,0,0,0,383,0,1,0,0,0,6,0,0,0,6,0,0,0,0,0,43,0,0,0,0,0,311,0,0,0,0,0,0,0,0,0,0,0,0,0,0,0,0,0,0,0,0,0,0,0,0,0,0,0,0,0,99,0,0,0,0,1,0,0,0,0,0,0,0,1,0,0,0,0,24,0,0,0,0,0,0,0,0,0,1,0,0,0,0,0,0,0,0,0,0,0,0,0,0,0,0,0,0,0,0,0,0
SRR6463258,0,0,0,28,0,0,0,1,0,0,0,0,0,0,0,785,0,0,0,0,0,0,0,0,0,0,0,0,0,12,0,0,0,0,0,0,0,0,1,0,1,0,0,0,0,0,0,70,0,0,0,3,4,0,22,72,0,37,0,0,0,11,228,0,0,0,0,3,0,0,0,0,0,0,641,0,0,0,0,0,3,3,0,0,2,0,0,5921,0,1,0,12232,0,0,0,5405,0,0,2023,0,13,0,3,0,0,0,2,0,0,36,0,0,0,158,0,0,0,3,0,4,16,0,0,2,0,0,0,0,0,3,0,0,0,0,17,0,20,0,0,0,1,0,0,0,0,0,0,0,0,0,0,0,0,0,0,0,0,1583,0,0,404,0,0,0,0,0,0,1105,0,41,0,0,0,0,0,0,0,0,0,0,0,0,0,0,0,0,0,0,0,0,0,0,0,0,0,0,0,0,0,0,0,0,0,0,0,0,165,74,0,0,0,23029,0,77,0,0,0,26,2,0,24,549,0,11,3,21,0,0,0,4,0,0,0,0,2,0,0,0,0,0,0,0,0,0
SRR6463260,0,0,0,12,0,0,0,2,0,0,0,0,0,0,0,7454,0,0,0,0,0,0,3,0,0,0,0,0,0,7100,0,0,27,12,333,0,0,121,0,0,81,0,0,0,0,0,1,1,0,0,0,0,0,0,2,2,0,2,0,0,0,0,3076,0,0,0,67,267,0,0,0,0,0,0,37,0,0,0,0,0,1,0,0,0,108,0,0,17872,0,1,0,2006,0,0,275,937,2,0,2427,0,0,0,0,0,0,0,3945,110,4,257,10,0,0,31,0,0,0,0,0,0,0,0,0,0,0,0,0,0,0,11,0,1,20,0,5586,0,114,0,0,0,102,0,0,0,0,0,0,5,0,0,0,0,0,1,0,0,0,0,0,0,0,75,0,100,0,1,0,19,0,9,0,0,0,0,0,0,0,0,0,0,0,0,0,0,0,0,0,0,0,0,0,0,0,4,13,0,0,15,108,0,0,0,0,0,0,0,0,0,1,0,0,27402,0,57,0,0,0,34,0,0,0,0,0,0,2,1,0,0,0,0,0,0,1,0,0,0,0,0,0,0,0,0,0,21120
SRR6463265,0,0,0,5,0,0,0,1,0,0,0,0,0,1,0,4,0,0,0,3,0,0,0,0,0,0,0,0,0,11031,0,0,0,0,0,0,0,0,2,0,0,0,0,0,0,0,0,0,0,0,0,7,4,0,13,13,0,29,0,0,0,1,196,0,0,0,0,0,0,0,0,0,0,0,137,0,0,0,0,0,0,2,0,0,0,0,0,7,0,101,2,11206,0,0,0,3898,0,0,5558,0,10,0,0,0,0,0,0,466,0,66,1,0,0,9,0,0,0,0,0,0,7,0,0,0,0,0,0,0,0,3,0,0,52,0,13,0,1,0,0,0,0,0,0,0,0,0,0,131,0,0,0,0,0,6,0,0,0,0,0,0,632,0,0,0,0,4,0,694,0,28,0,0,0,0,0,0,0,2,0,0,0,0,0,0,0,0,0,0,0,0,0,0,0,0,0,0,0,0,0,0,0,0,42,0,0,0,370,0,0,7,0,3512,0,73,0,0,0,9,1,0,106,163,0,41,0,53,0,3,42,0,0,0,3,0,0,0,0,0,0,0,0,0,1,0
SRR6463278,0,0,0,7,0,0,0,0,0,0,0,0,0,1,0,108,0,0,0,0,0,0,0,0,0,0,0,0,0,10644,0,0,0,0,1,0,0,0,4174,0,1,0,0,0,0,0,0,20,0,0,0,0,3,0,3,26,0,3,0,0,0,1,1173,0,0,0,1335,32,0,0,0,0,0,11,34,0,0,0,0,0,0,0,0,0,9,0,0,2480,1,2201,1,1323,0,0,664,864,0,0,398,0,3,0,0,0,0,0,905,287,4,585,8,0,0,508,0,0,0,0,0,1,0,0,0,7162,0,0,0,0,0,136,28,0,245,0,829,255,63,0,0,0,122,22,0,8,0,0,0,139,0,0,0,0,0,2,0,0,0,0,0,2,0,0,0,4841,0,1,0,24,0,32,0,0,0,0,0,0,0,0,0,0,0,0,0,0,0,0,0,0,0,0,0,0,0,0,0,0,0,0,2,0,3,0,0,0,0,0,0,0,0,0,0,173,0,0,0,0,0,0,0,0,0,0,0,0,0,0,0,0,0,0,0,0,11,0,2,0,0,0,0,0,0,0,0,0
SRR6463283,0,0,0,2,0,0,0,2,0,0,0,0,0,1,0,33,1,0,0,0,2,0,1,0,0,0,0,0,0,6825,0,20,0,4,309,0,14,0,20,0,14,0,0,0,0,2,0,0,0,0,0,0,2,0,0,0,0,0,0,0,0,0,20,0,0,0,728,516,0,0,0,0,1,0,26,0,0,0,4,0,3,0,0,0,2787,0,0,10229,0,1810,6,4362,0,0,954,4421,4,0,813,0,7,0,0,0,0,0,2498,102,4,1692,12,0,0,3,0,0,0,3,0,0,5,0,456,0,0,0,0,0,0,2,3,4,57,0,617,0,53,0,0,0,8,0,0,0,2,0,0,55,1,0,0,0,0,1,0,0,0,9687,688,161,0,0,0,49,0,0,0,1,0,0,0,0,0,0,0,18,0,0,0,0,0,0,0,0,0,0,0,0,0,0,0,0,99,0,16,0,0,30,0,0,0,0,0,0,0,0,0,0,0,0,0,51,0,0,0,0,0,0,0,0,0,0,0,0,0,0,0,0,0,0,0,0,0,0,0,0,0,0,0,0,0,0,0,0
SRR6463288,0,0,0,1,0,0,0,0,0,0,0,0,0,0,0,40,0,0,0,0,8,0,1,2,0,0,12,0,16,7220,0,173,26,10,229,0,0,0,4,0,716,0,0,0,0,0,20,0,0,0,0,0,5,0,1,0,0,0,0,0,1,4,41,0,0,0,18,214,0,3,1,22,28,0,303,0,0,0,2,1,1,0,0,1,2312,0,0,4816,6,179,11,2278,0,0,112,2717,0,0,959,0,4,6,0,0,0,0,548,355,5,4439,736,25,0,2,0,0,0,9,0,0,0,0,3235,965,52,168,5,0,344,108,69,4,255,0,2667,23,588,9,0,2,4148,0,0,0,1326,1,0,2,0,0,0,2,0,0,0,0,0,85,0,425,0,0,0,0,0,0,0,0,0,4,0,0,0,0,0,711,0,0,0,0,0,0,0,0,0,0,0,0,0,0,0,0,169,37,0,0,0,142,471,0,1,0,0,0,0,0,0,0,0,0,0,3,0,0,0,0,0,0,0,0,0,0,0,0,0,0,0,0,0,0,0,0,5,0,0,0,0,0,0,0,0,0,0,361
SRR6463292,2,0,0,1,0,0,0,1,0,0,0,0,0,4,0,8,0,0,0,0,41,0,3,0,0,0,0,0,13,689,1,134,0,6,25,0,0,0,2,0,83,0,0,0,0,0,27,0,0,0,0,0,1,0,6,15,0,0,0,0,0,1,51,0,0,0,1,2,0,0,0,0,0,12,73,0,0,0,1,0,0,3,0,0,115,0,4,12,35,1,39,11848,0,0,0,1308,0,0,3095,0,9,0,0,0,0,3,127,0,3,37,104,0,0,1,0,0,0,0,0,0,0,0,0,1,8,0,0,1,0,0,0,0,167,0,223,0,185,0,0,6,2,2,0,2,1,0,0,1741,0,0,0,0,0,0,0,6,0,0,0,1,0,0,0,5944,1,15732,0,5,0,29,0,0,0,0,0,0,0,0,0,0,0,0,0,0,0,0,0,0,0,0,0,0,1,6,0,0,0,0,0,0,0,0,0,0,0,0,0,0,0,0,0,110,0,0,0,0,0,0,0,0,0,0,0,0,0,0,0,0,0,0,2,0,6,0,0,0,0,0,0,0,0,0,0,0
SRR6463295,0,0,0,4,0,0,0,0,0,0,0,0,0,0,0,260,0,0,0,1,1,0,0,0,0,0,0,0,0,27644,0,419,59,15,823,0,0,0,2,0,67,0,0,0,0,0,2,0,0,0,0,0,0,0,0,0,0,2,0,0,0,2,2,0,0,0,1,0,0,0,0,0,0,0,5,0,0,0,0,0,0,0,0,0,52,0,0,594,14,88,0,516,0,0,11,105,0,0,2635,0,0,0,0,0,0,0,0,7,0,136,3,0,0,0,0,0,0,0,0,0,0,0,0,0,0,0,0,0,0,0,0,0,2,0,29,0,5,0,0,0,1,0,0,0,0,0,0,12,0,0,0,0,0,2,0,0,0,0,3657,0,0,0,0,1339,0,0,0,0,0,455,0,0,0,0,0,0,0,0,0,0,0,0,0,0,0,0,0,0,0,0,0,0,1,173,0,0,0,63,0,0,0,0,0,0,0,0,0,0,0,0,0,116,0,0,0,0,0,0,0,0,0,0,0,0,0,0,0,0,0,0,0,0,0,0,0,0,0,0,0,0,0,0,0,0
SRR6463332,0,0,0,0,0,0,0,0,0,0,0,0,0,0,0,14597,0,0,0,0,0,0,0,0,0,0,0,0,0,468,0,0,0,0,0,0,0,0,6,0,3,0,0,0,0,0,0,3,0,0,0,0,0,0,1,140,0,87661,3,0,0,2,22,0,0,0,1,0,0,0,0,0,0,0,3,0,0,0,0,0,0,0,0,0,0,0,0,1,2,0,0,4,0,0,0,5,0,0,2,0,0,0,0,0,0,0,3,0,0,0,0,1,0,1,0,0,0,0,0,0,0,0,0,0,0,0,0,0,0,0,0,0,0,0,5,0,0,0,0,0,3,0,0,0,0,0,0,0,0,0,0,0,0,0,0,0,0,0,2,0,0,0,0,0,0,0,0,17167,0,0,0,0,0,0,0,0,0,0,0,0,0,0,0,0,0,0,0,0,0,0,0,0,0,0,0,11,0,0,0,0,0,0,0,0,0,0,142,39,0,1,0,615,0,22,0,0,0,0,3,0,76,213,0,4,0,0,0,0,0,0,0,0,2,0,0,0,0,0,0,0,0,0,0,0
SRR6463337,0,0,0,0,0,0,0,0,0,0,0,0,0,0,0,87,1,0,0,0,0,0,0,0,23,0,0,0,0,27464,0,817,27,212,6729,0,1,0,7,0,2051,0,0,0,0,0,0,391,0,0,0,0,0,0,6,0,0,3,0,0,0,0,5,0,0,0,7021,0,1,0,0,0,0,2,981,0,329,0,0,0,0,1,0,5,3875,0,0,1310,0,243,2,1038,0,0,169,934,0,0,671,0,2,0,0,0,0,0,3605,169,52,837,568,0,0,22,0,0,0,0,0,2,16,0,0,4089,5,0,0,3,5,19,4,1,243,0,3664,27,250,0,0,2,105,0,0,103,0,0,0,83,0,0,0,32,0,0,2,0,0,989,0,1,0,0,0,1323,0,1,0,7,0,3,0,0,0,0,0,1613,0,0,0,0,0,0,0,0,0,0,0,0,0,0,0,0,72,381,84,0,0,95,0,0,0,0,0,0,0,0,1,0,0,0,0,12,0,0,0,0,0,0,0,0,0,0,0,0,0,0,0,0,0,0,0,0,6,0,0,0,0,0,0,0,0,0,0,0
SRR6463349,0,0,0,2,0,0,0,0,0,0,0,0,0,0,0,0,0,0,0,2,0,0,0,0,0,0,3,0,0,2130,0,0,2,2,82,0,0,20,1177,5008,125,0,0,0,0,0,0,0,0,0,0,0,0,0,1,0,0,0,0,0,0,0,6,0,0,0,26,22,0,0,0,0,0,0,0,0,0,0,0,1,0,0,0,0,226,0,0,200,390,9,0,1348,0,0,800,3558,0,0,602,0,18,0,0,0,0,0,424,14,4,178,3,0,0,253,0,0,0,2,0,0,0,0,0,0,0,0,0,0,0,0,0,0,71,0,515,0,10,18,0,23,4,0,0,0,613,0,0,17,0,0,211,0,0,0,0,0,0,0,280,145,0,86,0,0,162,241,0,0,0,0,0,2,0,0,0,0,0,0,0,0,0,0,0,0,0,0,0,0,0,0,0,0,1,169,0,0,0,131,60,15,0,0,0,0,2,0,0,0,0,0,0,0,0,0,0,0,0,0,0,0,0,0,0,0,0,0,0,0,0,0,0,0,0,0,0,0,0,0,0,0,0,0,0,0
SRR6463351,0,0,0,6,0,0,0,0,0,0,0,0,0,0,0,304,0,1,0,0,4,0,0,0,0,0,0,0,0,8029,0,27,0,5,264,0,0,102,3,0,10,0,0,0,0,0,0,150,0,0,0,0,2,3,8,0,0,2180,0,3,0,58,20,0,0,0,1689,116,0,0,0,0,0,0,703,0,0,0,0,0,0,0,0,0,456,0,0,2530,545,364,0,1041,0,2,413,930,0,0,596,3,0,0,2,0,0,0,4350,0,5,762,15,0,0,200,0,0,0,0,0,8,38,0,87,2161,0,0,0,0,0,840,15,0,23,0,567,0,35,0,0,0,156,0,0,0,0,0,0,10,0,0,0,0,0,2,7,0,0,1115,0,0,0,0,0,520,0,0,0,167,0,3,0,0,0,0,0,0,0,0,0,0,0,0,0,0,0,0,0,0,0,0,0,0,131,0,320,0,0,1,0,0,3,0,0,0,0,0,56,0,0,0,0,5928,0,13,0,0,0,7,0,0,5,0,0,2,1,3,0,2,0,0,0,3,82,0,0,0,0,0,0,0,0,0,0,2
SRR6463355,0,0,0,17,0,0,0,1,0,0,0,1,0,0,0,88,0,0,0,4,0,0,0,0,0,0,0,0,0,7,0,1,0,0,0,0,0,1,1,0,14,0,0,0,0,0,0,16,0,0,0,0,5,0,15,4,0,1338,0,0,0,12,780,0,0,0,545,1,0,0,0,0,0,45,4408,0,0,0,0,3,1,2,0,0,72,0,0,803,1,2,19,52104,0,0,1,491,0,2,2309,1,0,0,3,0,0,0,27,779,1,89,1,0,0,1231,0,0,0,10,0,33,25,0,0,0,0,0,0,0,0,0,0,0,6,0,10,0,1,0,0,0,2,22,0,0,0,0,0,447,0,0,0,0,0,3,0,0,0,0,0,0,505,0,0,0,0,1,0,538,0,0,0,0,0,0,0,0,0,0,0,0,0,0,0,0,0,0,0,0,0,0,0,0,0,0,184,0,0,0,0,0,0,0,0,0,1,0,3,1,1,0,0,8379,0,86,0,0,0,18,0,0,0,0,0,0,0,0,0,0,0,2,0,0,0,0,3,0,0,0,0,0,0,0,2,0
SRR6463403,0,0,0,3,0,0,0,2,0,0,0,0,0,0,0,2758,0,0,0,0,0,0,8,0,0,0,0,0,0,30586,0,2,0,0,7,0,0,0,15,0,5,0,0,0,0,2,0,1,0,0,0,0,0,0,0,3,0,2,0,1,0,2,38,0,0,0,2,13,0,0,0,0,0,3,136,0,0,0,0,0,1,0,0,3,137,0,0,22,5,1866,10,13972,0,0,91,938,0,1,2925,0,12,0,0,0,0,0,9,299,138,1857,142,0,0,114,0,0,0,0,0,13,19,0,1,1,32,0,0,2,0,917,4,5,283,0,68,0,213,0,0,0,5,50,0,17,1,27,0,1495,0,0,1,26,0,1,4,0,0,1,0,0,45,0,0,2,0,0,0,263,0,0,0,0,0,0,0,0,0,0,0,0,0,0,0,0,0,0,0,0,0,0,0,0,0,0,1,0,0,1,0,0,0,0,0,0,0,0,4,2,1,0,0,2822,0,5,0,0,0,1,0,0,1,0,0,0,1,0,0,0,2,0,0,0,8,0,0,0,0,0,0,0,0,0,1,3451
SRR6463408,0,0,0,1,0,0,0,2,0,0,0,0,0,0,0,0,0,0,0,0,9,0,5,1,0,0,0,0,0,21126,0,2763,24,14,3599,0,129,0,10,0,5998,0,0,0,0,0,2,63,0,0,0,0,0,0,0,0,0,2,0,0,0,1,0,0,0,0,2,122,0,0,0,0,0,0,8,0,0,0,0,0,0,0,0,0,453,0,0,1220,8,0,4,1718,0,0,24,616,0,0,6384,0,18,0,0,0,0,0,862,40,5,481,182,0,0,116,0,0,0,0,0,0,0,0,1,4,0,0,0,31,0,5,0,0,369,0,114,0,33,0,0,0,5,0,0,0,0,0,0,193,0,0,1,1,0,0,0,0,0,0,0,2641,0,0,0,1,0,0,0,0,0,1,0,0,0,0,0,1,0,0,0,0,0,0,0,0,0,0,0,0,0,0,21,0,4280,0,0,0,0,207,0,0,0,0,0,0,0,0,10,0,0,0,0,1564,0,5,0,0,0,1,0,0,2,0,0,0,0,0,0,0,1,0,0,0,1,0,0,0,0,0,0,0,0,0,0,0
SRR6463413,0,0,0,5,0,0,0,1,0,0,0,0,0,0,0,1674,0,0,0,0,73,0,4,0,0,0,0,0,0,16515,0,100,7,39,835,0,0,0,4,0,133,0,0,0,0,0,0,0,0,0,0,1,9,0,1,28,0,3,0,0,0,0,28,0,0,0,2,0,0,0,0,0,0,0,43,0,0,0,0,2,17,0,0,2,30,0,0,14997,1,1,28,13574,0,0,2497,3079,0,0,1502,0,17,0,0,0,0,0,3,2735,15,1316,209,0,0,13,0,0,0,11,0,0,1,0,0,1,0,1,0,0,0,3,0,0,1205,0,553,0,144,0,0,0,3,402,0,0,0,0,0,53,0,0,1,0,0,1,0,0,0,1121,0,0,0,0,0,0,0,0,0,2,0,68,0,0,0,0,0,0,0,0,0,0,0,0,0,0,0,0,0,0,0,0,0,0,0,61,0,0,0,186,0,0,0,0,0,0,0,0,5,0,0,3,0,718,0,3,0,0,0,1,1,0,222,9,0,0,0,0,0,0,0,2,0,0,0,0,1,0,0,0,0,0,0,0,0,3
SRR6463418,0,0,0,2,0,0,0,0,0,0,0,0,0,0,0,41,0,0,0,0,0,0,0,0,0,0,0,0,0,8190,0,31,54,57,589,0,5,322,6670,0,326,0,0,0,0,0,131,0,0,0,0,0,0,0,0,0,0,2,0,0,0,0,3,0,0,0,2414,141,12,0,0,5,5,1,66,0,0,0,0,0,0,0,0,0,613,0,0,782,254,246,3,1484,0,0,278,882,0,0,553,0,7,0,0,0,0,0,269,195,4,3593,1030,23,0,0,0,0,0,0,0,0,0,0,673,62,0,0,0,0,0,1132,3,5,133,0,821,0,711,0,0,2,78,0,0,0,0,0,0,0,0,0,0,14,0,0,0,0,0,1765,0,628,0,0,0,0,0,0,0,0,0,1,0,0,1,0,0,899,0,0,0,0,0,0,0,0,0,0,0,0,0,0,0,0,20,282,242,0,0,48,103,35,0,0,0,0,0,0,1,0,0,0,0,1,0,0,0,0,0,0,0,0,0,0,0,0,0,0,0,0,0,0,0,0,0,0,0,0,0,0,0,0,0,0,0,0
SRR6463089,42,0,0,1,0,0,0,0,0,0,0,0,0,0,0,20,0,0,0,0,0,0,2,4,0,0,0,0,19,13312,0,22,18,34,302,0,1350,298,2,0,790,0,0,0,0,0,0,0,0,0,0,3,0,0,1,0,0,17,0,0,0,4,77,0,0,0,482,170,13,0,20,20,4,0,184,0,27,0,0,0,0,2,0,0,1875,0,0,740,33,565,4,520,0,0,834,2350,0,0,131,0,4,0,0,0,0,0,3299,185,3,899,2227,21,0,15,0,0,0,2,0,0,238,0,818,2101,12,0,0,1,0,1691,18,1,122,9,1992,192,1087,0,0,73,1015,1,0,0,0,0,0,0,0,2,0,14,0,3,14,0,0,195,0,475,0,0,0,0,0,0,0,3,1,0,0,0,0,0,0,31,0,0,0,0,0,0,0,0,0,0,0,0,0,0,13,0,699,0,0,0,0,104,0,13,0,0,0,0,0,0,0,0,0,0,0,2,0,0,0,0,0,0,0,0,0,0,0,0,0,0,0,0,0,0,0,0,1,0,0,0,0,0,0,0,0,0,0,0
SRR6463091,71,0,0,1,0,0,0,0,0,0,0,0,0,0,0,26,0,3,0,0,0,0,3,0,0,0,0,0,5,8910,0,247,34,37,557,0,11,0,2,0,908,0,0,0,0,0,10,133,0,0,0,0,0,0,0,0,0,52,0,0,0,0,8,0,0,0,57,7,280,6,0,275,126,1,120,0,0,0,0,0,0,0,6,0,1061,0,0,389,29,263,2,284,0,0,727,226,0,0,229,176,3,0,0,0,0,0,501,16,7,455,1064,8,0,89,0,0,0,2,0,15,56,0,805,59,5,84,0,15,0,532,25,19,61,0,1345,2,734,0,0,3,84,4,0,33,0,0,0,148,0,0,0,4,0,0,10,0,0,4,0,2,0,0,0,562,0,0,0,1,0,0,0,0,0,0,0,329,0,0,0,0,0,0,0,0,0,0,0,0,0,0,12,0,140,0,0,0,0,101,0,0,0,0,0,0,0,0,0,0,0,0,0,36,0,1,0,0,0,0,0,0,0,0,0,0,0,0,0,0,0,0,0,0,3,0,0,0,0,0,0,0,0,0,2,559
SRR6463093,1854,377,0,3,0,0,0,0,0,0,0,0,0,0,0,151,0,0,0,0,0,0,0,1,0,0,0,0,26,3907,0,80,62,91,770,0,3,93,2306,0,331,0,157,0,0,0,59,0,0,0,0,0,0,0,0,0,0,4,0,0,0,0,0,0,19,0,55,127,334,514,52,2461,2332,0,86,0,0,0,0,0,0,0,26,0,1220,0,11,437,0,687,3,140,0,0,207,166,0,0,59,3,0,0,0,0,0,0,187,2,0,450,2612,0,0,1,0,0,0,0,0,0,57,0,270,17,0,0,0,2,732,109,6,165,247,0,2640,4,5439,0,0,46,1030,0,0,0,14,0,0,1,0,1,0,7,0,0,3,0,0,646,0,183,0,0,0,303,0,0,0,0,38,0,0,0,50,0,0,17,0,0,0,0,0,0,0,0,0,0,0,0,0,0,16,0,46,36,0,0,0,146,266,0,0,0,0,0,0,0,0,0,0,0,0,33,0,0,0,0,0,0,0,0,0,0,0,0,0,0,0,0,0,0,0,0,0,0,0,0,0,0,0,146,2,0,0,10224
SRR6463095,0,0,0,3,0,0,0,0,0,0,0,0,0,0,0,4055,0,3,0,0,0,0,0,0,0,0,0,0,26,5773,0,15,0,1,140,0,0,63,0,0,100,0,0,0,0,0,0,566,0,0,0,0,0,0,4,11,0,20,0,0,0,0,198,0,0,0,2533,327,3,1,0,2,2,54,403,0,2,0,1,3,0,0,1,2,1262,0,0,2077,70,671,1,1339,0,0,724,1053,1,0,135,43,0,0,0,0,0,0,6733,6,11,1347,133,0,0,99,0,0,0,0,0,18,151,0,734,2066,2,0,0,0,156,2403,25,0,18,0,2679,22,109,0,0,8,470,3,2,1,0,0,0,20,0,0,4196,0,0,1,13,3,0,724,91,0,0,30,0,480,143,2929,0,0,0,1,0,0,0,0,0,0,0,0,0,0,0,0,0,0,0,0,0,0,0,0,0,0,3,89,0,0,0,2,16,0,0,0,0,0,0,0,0,0,0,0,0,17,0,0,0,0,0,0,0,0,0,0,0,0,0,0,0,0,0,0,0,0,3,0,0,0,0,0,0,0,0,0,0,1
SRR6463097,0,0,0,1,1,0,0,0,0,0,0,0,0,0,0,163,0,2,0,0,0,0,0,0,0,0,0,0,36,3386,0,64,23,23,147,0,308,0,2783,0,799,0,0,0,0,0,20,65,0,0,0,0,0,0,0,2,0,1,0,0,0,0,22,0,1,0,290,94,970,0,50,6,33,1,184,0,0,0,5,0,2,0,3,2,912,0,0,452,8,117,0,1045,1,0,193,467,0,0,252,0,0,0,0,0,0,1,880,50,0,903,9897,0,0,17,0,0,0,0,0,2,130,0,391,207,9,67,0,2,79,685,56,13,195,0,448,8,6648,37,0,104,1989,0,0,28,405,0,0,0,0,1,211,0,0,0,1,7,0,10,0,1,0,0,0,1677,0,0,0,2,155,0,0,0,0,0,0,17,0,0,0,0,0,0,0,0,0,0,0,0,0,0,0,0,89,0,0,0,0,96,0,0,0,0,0,0,0,0,0,0,0,0,0,21,0,0,0,0,0,0,0,0,0,0,0,0,0,0,0,0,0,0,0,0,0,0,0,0,0,0,0,0,0,0,86,63
SRR6463122,0,0,0,0,0,0,0,0,0,0,0,0,0,0,0,114,0,1,0,0,0,0,0,0,0,0,1,0,39,11062,0,91,99,93,357,0,178,334,4546,0,422,0,0,0,0,0,3,119,0,0,0,0,0,0,0,1,0,487,0,0,0,0,47,0,0,0,1379,161,76,0,0,21,0,59,813,0,101,0,0,0,0,0,0,0,829,0,0,1201,129,530,0,532,79,0,1974,488,0,0,263,52,1,0,0,0,0,0,1315,32,3,783,601,75,0,43,0,0,0,0,0,5,55,0,311,1141,0,0,3,0,77,1797,27,0,170,11,1512,36,414,22,0,20,1149,0,0,0,0,0,0,4,0,7,144,0,0,0,0,1,0,60,0,617,0,19,0,0,0,0,0,2,0,0,0,0,0,0,0,0,0,0,0,0,0,0,0,0,0,0,0,0,0,0,0,0,247,0,0,0,0,47,0,0,0,0,15,0,0,0,196,0,0,0,0,442,0,24,0,0,0,1,0,0,0,0,0,3,0,0,0,0,0,0,0,0,4,0,0,0,0,0,0,0,0,0,0,86
SRR6463123,0,0,0,1,0,0,0,0,0,0,0,0,0,0,0,5,0,1,0,0,0,0,0,0,0,0,0,0,49,4396,0,256,48,155,365,0,2,1,26005,0,1697,0,0,0,0,0,4,364,0,0,0,0,1,0,6,3,0,226,0,0,0,0,126,0,0,0,2092,370,67,3,12,65,110,0,296,0,0,0,0,3,0,0,3,0,828,0,0,1096,125,455,1,874,0,0,234,613,0,0,495,1,0,0,0,1,0,0,281,151,4,1423,1828,61,0,1,0,0,0,0,0,2,24,0,213,1146,5,15,2,0,98,1319,82,1,117,2,1982,8,383,17,0,20,1181,0,0,10,0,0,0,2,0,4,0,1,0,0,0,1,0,369,0,783,0,0,0,1,0,0,0,1,115,0,0,0,6,0,0,150,0,0,0,0,0,0,0,0,0,0,0,2,0,0,0,0,344,0,0,0,0,37,0,12,0,0,0,0,0,0,0,0,0,0,0,1,0,0,0,0,0,0,0,0,0,0,0,0,0,0,0,0,0,0,0,0,2,0,0,0,0,0,0,0,0,0,0,4
SRR6463124,114,0,0,2,0,0,0,0,0,0,0,0,0,0,0,640,0,0,0,0,0,0,0,0,0,0,0,0,9,7115,0,44,49,31,202,0,220,169,4220,0,319,0,0,0,0,0,0,495,0,0,0,2,0,0,2,0,0,22,0,0,0,0,20,0,0,80,1956,650,175,2,106,17,122,365,788,0,9,0,0,0,0,0,4,0,1719,0,10,900,56,778,0,1121,0,0,1186,594,0,0,301,113,0,0,0,0,0,0,897,112,0,2336,1878,0,0,54,1,0,0,0,0,21,128,0,1191,716,0,68,0,0,9,1876,98,0,79,25,1515,6,1130,0,0,59,1015,0,0,0,0,0,0,2,0,0,0,1,0,1,6,0,0,531,0,261,0,0,0,0,0,0,0,2,50,0,0,0,2,0,0,1242,0,0,0,0,0,0,0,0,0,0,0,0,0,0,2,0,25,163,45,0,0,25,45,5,0,0,0,0,0,0,0,0,0,0,0,1,0,0,0,0,0,0,0,0,0,0,0,0,0,0,0,0,0,0,1,11,49,13,0,0,0,0,0,0,0,0,241,92
SRR6463125,1,14,0,3,0,0,0,2,0,0,0,0,0,2,0,532,0,0,0,0,0,0,0,1,1,0,5,1,4,8770,0,103,44,28,279,0,0,271,11569,0,253,0,0,0,0,0,0,1111,0,0,0,0,0,0,0,2,0,257,0,0,0,1,73,0,0,0,1769,322,41,0,0,4,12,343,1504,0,0,0,0,0,0,7,0,0,957,0,0,956,95,763,0,946,0,0,1839,617,0,0,338,130,0,0,4,0,0,1,2018,36,3,1899,553,0,0,227,0,2,0,2,1,85,320,0,95,1641,0,0,2,0,19,3466,22,0,88,0,2897,60,745,17,0,20,485,0,0,0,0,0,0,0,0,0,0,2,0,2,42,3,0,243,46,268,0,0,0,0,1,0,1,13,29,0,0,0,1,0,0,0,0,0,0,0,0,0,0,0,0,0,1,0,0,0,2,0,1,75,268,0,0,46,57,0,0,0,0,0,0,0,0,0,0,0,0,0,0,0,0,0,0,0,0,0,0,0,0,0,0,0,0,0,0,0,0,0,83,0,0,0,0,0,0,0,0,0,0,0
SRR6463195,47,0,0,1,0,0,0,0,0,0,0,0,0,0,0,298,0,0,0,0,0,0,0,0,16,0,0,0,0,5597,0,125,31,25,60,0,0,0,1,0,1318,0,0,0,0,0,0,448,0,0,0,0,0,0,0,2,0,4,0,0,0,0,168,0,0,1,997,626,143,4,7,14,6,0,1007,0,508,0,0,0,0,0,3,1,2290,0,0,1735,22,305,1,1474,0,0,1800,621,3,0,315,670,0,0,0,0,0,0,3326,15,27,1750,405,0,0,58,0,0,0,1,0,34,85,0,319,2062,1,0,0,0,63,2035,31,0,98,0,3588,142,367,0,0,12,1269,0,0,3,0,0,0,0,53,28,0,0,0,0,14,7,0,164,0,153,0,9,0,285,0,0,0,5,71,0,0,0,0,0,0,14,0,0,0,0,0,0,0,0,0,0,0,0,0,0,0,0,215,0,0,0,0,32,0,4,0,0,0,0,0,0,0,0,0,0,0,7,0,0,0,0,0,0,0,0,0,0,0,0,0,0,0,0,0,0,1,0,62,1,0,0,0,0,0,0,0,0,1,2
SRR6463197,129,34,0,1,0,0,0,0,0,0,0,0,0,0,0,106,0,0,0,1,0,0,0,0,0,0,1,0,5,1047,0,143,15,24,92,0,0,0,3581,0,241,0,2,0,0,0,29,0,0,0,0,0,0,0,0,0,0,0,0,0,0,1,14,0,0,0,441,195,251,0,7,72,767,0,769,0,292,0,0,0,0,9,8,0,585,0,0,621,10,378,4,595,7783,0,346,367,0,0,458,0,0,0,0,0,0,0,262,40,5,2872,1488,20,0,0,0,0,0,0,0,0,49,0,152,429,0,0,0,0,283,668,10,16,103,2,2153,56,2326,0,0,124,1913,0,0,0,0,0,0,1,0,0,270,3,0,0,0,0,0,116,0,1341,0,0,2,0,0,0,0,2,54,2,0,0,1,0,0,144,0,0,0,0,0,0,0,0,0,0,0,0,0,0,6,0,8,80,11,0,0,30,0,0,0,2,0,0,0,0,0,0,0,0,0,0,0,0,0,0,0,0,0,0,0,0,0,0,0,0,0,0,0,0,0,0,0,0,0,0,1,0,0,9,0,0,607,380
SRR6463199,0,0,0,1,0,0,0,0,0,0,0,0,0,0,0,128,0,0,0,0,0,0,0,0,0,0,0,0,7,16685,0,168,44,46,276,1,5,368,4,0,645,0,3,0,0,0,82,217,0,0,0,0,1,0,0,0,0,36,0,0,1,6,51,0,0,0,705,402,25,3,30,292,40,0,391,0,17,0,0,1,0,0,3,1,1422,0,0,782,130,937,7,1512,0,0,1441,555,0,0,175,0,0,0,0,0,0,0,1189,23,8,3958,1565,61,0,146,0,0,0,5,17,31,288,0,1370,1840,0,0,6,5,134,507,28,2,154,0,5438,7,265,0,0,26,2685,0,0,0,0,0,0,27,0,0,0,15,0,2,52,0,0,732,0,281,0,0,0,0,0,0,0,0,0,4,0,0,4,0,0,39,0,0,0,0,0,0,0,0,0,0,0,0,0,0,20,0,23,183,0,0,0,40,292,0,1,0,0,0,0,0,0,0,0,0,0,42,0,0,0,0,0,0,0,0,0,0,0,0,0,0,0,0,0,0,0,0,3,0,1,0,0,0,0,0,0,0,0,94
SRR6463201,129,0,0,3,0,0,0,0,0,0,0,0,0,0,0,48,0,0,0,0,0,0,0,0,0,0,2,0,2,121,0,0,6,3,13,0,77,0,27258,1065,0,74,271,0,0,0,26,357,0,0,0,0,0,0,0,1,0,22,0,0,0,0,28,0,0,0,469,168,203,0,10,85,201,0,641,0,0,0,0,0,0,63,2,0,869,0,213,963,64,73,3,1074,1678,0,822,1309,0,0,179,0,1,0,0,0,0,0,984,37,1,2132,1559,90,0,16,0,0,0,0,0,18,142,0,107,278,0,0,0,0,45,540,88,0,114,0,2132,12,1776,22,0,67,435,0,10,0,769,0,0,0,0,0,505,0,0,1,3,0,1,25,0,96,0,18,523,885,0,0,160,0,85,2,0,0,11,0,0,0,0,0,0,0,0,0,0,0,0,0,0,0,0,0,0,0,0,0,33,0,0,1,65,0,0,0,0,0,0,0,0,0,0,0,0,4,0,0,0,0,0,0,0,0,0,0,0,0,0,0,0,0,0,0,0,0,5,0,0,0,0,0,0,0,0,0,69,0
SRR6463207,0,0,0,0,0,0,0,0,0,0,0,0,0,0,0,72,0,1,0,0,0,0,1,0,0,0,0,2,0,4687,0,0,15,51,377,0,5,0,14215,0,403,0,0,0,0,0,0,287,0,0,0,0,0,0,0,1,0,1,0,0,0,0,35,0,0,0,271,404,235,0,0,276,4,0,247,0,0,0,0,1,0,0,8,0,718,0,0,1103,29,485,2,584,0,0,663,338,0,0,137,285,0,0,0,0,0,0,3733,109,7,593,419,14,0,26,0,0,0,0,3,1,262,0,21,543,0,0,0,6,1,1004,7,5,79,1,497,36,632,0,0,21,162,2,0,1,0,1,0,10,0,0,0,5,0,0,68,4,0,672,0,0,0,0,0,1511,182,0,0,7,0,0,0,0,0,0,0,0,0,0,0,0,0,0,0,0,0,0,0,0,0,0,0,0,0,161,7,0,0,56,0,0,0,0,0,0,0,0,0,0,0,0,0,2,0,0,0,0,0,0,0,0,0,0,0,0,0,0,0,0,0,0,0,1,14,0,0,0,0,0,0,0,0,0,0,0
SRR6463221,0,0,0,6,0,0,0,0,0,0,0,0,0,0,0,587,0,0,0,2,0,0,0,0,1,0,0,0,12,5486,0,16,15,33,477,0,1819,116,7,0,643,0,0,0,0,0,0,1115,0,0,0,0,0,0,4,2,0,58,0,0,0,0,161,0,0,7,1080,411,14,0,0,6,7,0,2638,1230,293,0,0,0,0,0,0,0,1989,0,0,1408,205,434,1,1830,0,0,2587,792,0,1,551,167,0,0,1,0,0,0,4728,37,8,1682,941,34,0,630,0,0,0,0,0,17,2,0,2615,613,3,1,1,1,0,2658,37,4,89,0,1006,6,880,0,0,3,1435,0,0,0,1278,1,0,6,0,0,37,1,0,0,0,0,0,66,7,58,0,20,0,421,0,68,0,177,11,0,0,0,0,0,0,115,0,0,0,0,0,0,0,0,0,0,0,0,0,0,3,0,243,0,126,0,0,51,173,0,0,0,0,0,0,0,0,0,0,0,0,0,0,0,0,0,0,0,0,0,0,0,0,0,0,0,0,0,0,0,0,0,23,0,0,0,0,0,0,0,0,0,0,0
SRR6463268,0,0,0,1,0,0,0,0,0,0,0,0,0,0,0,478,0,7,0,0,0,0,0,3,0,0,0,0,102,3658,0,57,3,3,49,0,97,0,2,1,288,0,0,0,0,0,1,1,0,0,0,0,3,0,0,1,0,730,0,0,0,1,82,0,0,0,2205,532,25,6,0,3,2,0,247,0,0,0,0,1,0,5,0,0,2945,0,0,4058,191,5079,1,9479,0,0,1070,1817,0,0,473,3,4,0,0,0,0,0,3294,136,8,1927,748,0,0,15,0,0,0,2,0,0,133,0,611,2418,11,553,7,2,180,725,8,1,211,0,1856,14,156,0,0,7,126,0,0,3,0,0,0,67,0,0,1,14,0,1,1,0,0,4017,28,69,0,20,0,0,0,0,0,0,0,0,0,0,0,0,0,0,0,0,0,0,0,0,0,0,0,0,0,0,0,0,0,0,15,10,0,0,0,27,0,0,0,0,0,0,0,0,0,0,0,0,0,2,0,0,0,0,0,0,0,0,0,0,0,0,0,0,0,0,0,0,0,0,0,0,0,0,0,0,0,0,0,0,1,0
SRR6463269,0,0,0,7,0,0,0,0,0,0,0,0,0,0,0,0,0,3,0,0,0,0,1,2,0,0,0,0,0,4581,0,89,17,71,141,0,192,19,19,0,1055,0,0,0,0,0,0,1,0,0,0,0,4,0,2,8,0,41,0,1,0,0,155,0,0,0,5725,3540,0,0,0,0,0,0,37,3,0,0,0,0,1,2,0,0,1845,0,14,4776,2,1493,4,2131,0,0,1478,744,0,0,225,0,7,0,1,0,0,0,587,218,0,921,516,0,0,4,0,0,0,0,0,0,25,0,102,403,0,0,2,6,0,212,2,2,126,0,2485,2,1330,0,0,24,484,0,0,71,0,0,0,54,0,0,1,9,0,1,0,0,0,6937,1,55,0,0,0,0,0,1,0,0,0,9,0,0,0,0,0,0,0,0,0,0,0,0,0,0,0,0,0,0,0,0,0,0,172,0,0,0,0,0,0,0,0,0,0,0,0,0,0,0,0,0,0,98,0,0,0,0,0,0,0,0,0,0,0,0,0,0,0,0,0,0,0,0,0,0,0,0,0,0,0,0,0,0,0,9143
SRR6463270,1,0,0,0,0,0,0,0,0,0,0,0,0,1,0,337,0,1,0,0,0,0,0,0,0,0,0,2,2,7896,0,140,31,61,406,0,0,211,4241,0,478,0,0,0,0,0,0,570,0,0,0,0,0,0,0,1,0,54,0,0,0,4,19,0,0,0,1081,437,197,16,14,28,37,0,402,0,0,0,0,0,0,0,0,0,837,0,98,744,62,164,4,637,0,0,6938,452,0,0,234,0,0,0,0,0,0,0,5146,3,9,752,1298,0,0,315,0,1,0,0,0,82,119,0,451,674,0,0,0,0,6,1454,6,0,77,0,2487,30,530,0,0,6,2562,0,0,0,0,0,0,2,0,0,699,3,0,0,70,2,0,282,0,14,0,0,0,644,0,0,0,17,0,0,0,0,0,0,0,0,0,0,0,0,0,0,0,0,0,0,0,0,0,0,0,0,23,181,1,0,0,98,0,0,0,0,0,0,0,0,66,4,0,0,0,7,0,0,0,0,0,0,0,0,0,0,0,0,0,0,0,0,0,0,0,0,19,0,0,0,0,0,0,0,0,0,0,0
SRR6463271,0,0,0,0,0,0,0,0,0,0,0,0,0,0,0,99,0,0,0,0,0,0,0,0,1,0,0,2,15,13303,0,40,30,33,505,0,14,889,2,0,1501,0,0,0,0,0,34,1,0,0,0,0,1,0,2,68,0,921,0,0,0,0,400,0,0,0,31,4,148,22,5,7,0,3,591,0,5,0,0,0,0,0,1,3,867,0,0,1328,2,81,4,1104,0,0,148,242,0,0,242,6,0,24,1,0,0,0,569,437,66,1356,674,127,0,8,0,0,0,0,0,0,19,0,410,637,4,130,1,0,120,908,22,2,489,0,963,144,311,0,0,0,908,0,0,1,0,0,0,0,0,20,1,0,0,0,2,3,0,0,0,361,0,0,0,0,101,0,0,39,0,5,0,0,0,0,0,0,0,0,0,0,0,0,0,0,0,0,0,0,0,0,0,0,74,66,89,0,0,70,216,5,0,0,0,0,0,0,0,0,0,0,0,4188,0,5,0,0,0,3,0,0,0,0,0,0,0,0,0,0,0,0,0,0,6,0,0,0,0,0,0,0,0,0,0,11
SRR6463272,0,0,0,0,0,0,0,0,0,0,0,0,0,0,0,63,0,2,0,0,0,0,0,0,0,0,4,0,1,5035,0,20,20,66,589,0,32,346,14509,0,2438,0,0,0,0,0,126,5,0,0,0,2,0,0,8,6,0,145,4,0,0,2,318,0,1,0,102,204,176,0,0,9,0,0,193,0,0,1,0,0,0,2,2,0,1031,0,0,293,65,223,1,408,0,0,386,338,0,0,164,162,0,0,0,0,0,0,1298,67,3,1319,3036,0,0,24,0,0,0,1,3,8,150,0,266,1805,4,0,1,2,14,1058,3,3,89,0,1362,0,1049,0,0,5,787,0,0,1,265,1,0,0,0,0,10,6,0,1,4,0,0,4,0,63,0,0,0,832,67,0,0,7,43,0,0,0,13,0,0,64,0,0,0,0,0,0,0,0,0,0,0,0,0,0,0,0,29,192,29,0,0,83,303,91,0,0,0,0,0,0,0,0,0,0,0,21,0,0,0,0,0,0,0,0,0,0,0,0,0,0,0,0,0,0,0,0,39,0,0,0,0,0,0,0,0,0,0,0
SRR6463273,232,87,0,2,0,0,0,4,0,0,0,0,0,0,0,299,0,6,0,0,59,0,0,0,47,0,0,0,193,331,4,180,80,26,22,0,0,62,5754,1169,237,0,47,0,0,6,0,8,0,0,0,6,0,0,0,0,0,924,0,0,0,0,3,0,0,0,503,88,457,59,14,318,336,2,948,0,4,0,0,0,0,0,3,0,603,0,13,242,42,38,6,536,112,16,468,1017,0,0,174,10,4,0,0,0,0,0,311,1,1,442,2374,12,0,288,0,0,0,0,1,7,691,0,348,369,4,0,1,5,269,1963,4,9,208,17,525,27,3896,0,0,45,3718,0,0,23,0,0,0,0,0,44,0,1,0,0,42,5,0,38,0,0,0,0,0,2098,0,0,0,0,52,0,0,0,0,0,0,0,0,1,0,0,0,0,0,0,0,0,0,0,0,0,32,0,7,0,116,0,0,138,66,0,0,0,0,0,0,0,0,0,0,0,0,10,0,0,0,0,0,0,0,0,0,0,0,0,0,0,0,0,0,0,0,0,0,0,0,4,0,0,0,0,2,0,0,107
SRR6463274,0,0,0,4,0,0,0,0,0,0,0,0,0,0,0,184,0,3,0,0,0,0,0,3,0,0,0,0,229,5403,0,508,79,15,1017,0,16,0,16168,0,509,0,0,0,0,0,0,189,0,0,0,0,0,0,1,1,0,0,0,2,0,0,28,0,0,0,2233,242,0,0,0,36,5,0,768,0,0,0,0,0,0,0,0,2,902,0,0,1650,97,216,11,1614,0,0,1046,996,0,0,268,66,3,0,0,0,0,0,1136,20,38,566,2843,0,0,103,1,0,0,0,0,11,80,0,89,386,23,0,0,15,300,1334,1,2,246,0,3000,1,662,0,0,9,984,3,0,7,1710,1,0,17,0,0,0,24,0,0,1,0,0,54,0,595,0,55,0,0,552,2315,0,0,169,0,0,0,0,0,0,0,0,0,0,0,0,0,5,0,0,0,0,0,1,0,3,0,1,231,2,0,0,8,0,18,0,0,0,0,0,0,0,0,0,0,0,0,0,0,0,0,0,0,0,0,0,0,0,0,0,0,0,0,0,0,0,0,2,0,0,0,0,0,0,0,0,0,0,0
SRR6463275,428,0,0,0,0,0,0,0,0,0,0,0,0,0,0,75,0,0,0,1,0,0,0,0,1,0,0,2,3,1786,0,406,53,61,627,0,362,69,2746,0,791,0,6308,0,0,0,0,62,0,0,0,0,2,0,0,7,0,70,0,3,0,1,562,0,0,0,825,239,1198,1,66,28,193,4,350,0,0,0,0,0,0,0,29,0,682,0,107,436,54,115,3,377,176,1,733,583,0,0,559,55,0,0,2,0,0,0,674,10,0,514,7386,135,0,51,0,0,0,0,0,71,283,0,2758,334,3,0,1,2,6,948,14,1,75,2,1082,9,3581,23,31,97,1273,0,0,0,0,0,0,3,0,0,355,6,0,0,111,0,0,22,122,30,0,48,0,3526,3,0,0,183,705,0,0,0,3,0,0,0,0,0,0,0,0,0,2,0,0,0,0,0,0,0,10,0,5,137,41,0,0,112,0,0,0,0,0,0,0,0,46,19,0,0,0,7,0,0,0,0,0,0,0,0,0,0,0,0,0,0,0,0,0,0,0,0,11,0,0,0,0,0,0,0,0,0,13,826
SRR6463276,6,6,0,2,0,0,0,0,0,2,0,0,0,2,0,74,0,0,0,0,0,0,0,0,0,0,1,0,2,17779,0,89,43,35,165,0,16,0,2,0,1238,0,7,0,0,0,0,443,0,0,0,0,2,0,1,7,0,1290,0,0,0,0,305,0,0,0,605,76,99,0,1,7,18,1,78,0,0,0,0,0,0,1,0,0,1908,0,15,378,220,130,1,349,0,0,1796,455,0,0,367,5,0,0,0,0,0,0,2901,76,2,1047,524,9,0,48,0,0,0,0,0,14,47,0,925,1251,0,0,0,0,4,2142,28,0,85,19,1873,12,1300,0,0,13,843,0,0,0,39,2,0,0,0,0,0,1,0,0,2,0,0,187,0,213,0,0,0,19,0,0,0,40,0,5,2,0,6,0,0,0,0,0,0,0,0,0,0,0,0,0,0,0,0,0,23,0,118,0,172,0,0,81,294,0,0,0,0,0,0,0,529,0,0,0,0,8,0,3,0,0,0,0,0,0,2,0,0,0,0,0,0,0,0,0,0,0,65,0,0,0,0,0,0,0,0,0,396,326
SRR6463277,215,0,0,2,0,0,0,0,0,0,0,0,0,0,0,137,0,4,0,0,0,0,1,1,0,0,0,0,9,10354,0,178,51,51,566,1,30,0,3,0,1696,0,0,0,0,0,114,322,0,0,0,0,0,0,0,2,0,2,0,0,0,0,6,0,0,0,753,19,468,17,4,270,439,6,1023,0,22,0,0,0,0,0,18,0,1289,0,0,872,72,666,4,433,0,0,3093,314,1,0,2006,507,3,0,0,0,0,0,173,188,10,2382,1914,157,0,5,0,0,0,1,0,0,41,0,1141,2133,20,0,1,0,39,1695,19,34,278,6,4088,4,1190,0,0,29,4260,42,0,0,0,0,0,2,0,0,0,5,0,1,0,1,0,862,0,446,0,0,0,0,0,0,0,4,27,0,0,0,0,0,0,94,0,0,0,0,0,0,1,0,0,0,0,0,0,0,0,0,0,0,152,0,0,76,7,0,0,0,0,0,1,0,0,0,0,0,0,3,0,0,0,0,0,0,0,0,0,0,0,0,0,0,0,0,0,0,0,0,1,0,0,0,0,0,0,0,1,0,35,1220
SRR6463392,0,6,0,1,0,0,0,0,0,0,0,0,0,0,0,95,0,1,0,1,0,0,0,0,0,0,0,0,5,1973,0,62,10,20,123,0,1,297,41974,0,295,0,0,0,0,0,0,365,0,0,0,0,1,0,3,0,0,83,0,2,0,0,45,0,0,0,421,73,94,0,6,12,40,0,319,0,36,0,0,0,0,0,0,0,541,0,16,533,37,48,0,300,0,0,534,317,0,0,558,132,0,0,0,0,0,0,3840,7,0,1050,362,1,0,268,0,0,0,0,0,158,57,0,101,533,0,0,0,0,18,1059,3,0,31,1,1325,10,440,15,3,10,205,4,0,0,34,0,0,0,0,2,396,0,0,0,37,0,0,31,3,251,0,6,0,0,0,0,0,35,0,1,0,0,0,0,0,0,0,0,0,0,0,0,0,0,0,2,0,0,0,0,8,0,12,157,0,0,0,12,28,0,0,0,0,0,0,0,4,0,0,0,0,6,0,0,0,0,0,0,0,0,0,0,0,0,0,0,0,0,0,0,0,5,163,0,0,0,2,0,0,0,0,0,0,0
SRR6463393,12,0,0,0,0,0,0,0,0,0,0,0,0,0,0,10,0,0,0,0,0,0,0,0,0,0,0,0,0,3216,0,44,10,6,241,0,0,344,25968,0,335,0,2,0,0,0,0,228,0,0,0,0,0,0,0,26,0,75,0,0,0,8,1,0,0,0,1380,68,300,0,5,78,148,0,65,0,0,0,0,0,0,0,7,0,646,0,0,509,44,210,2,192,0,0,122,223,0,0,169,0,3,0,0,0,0,0,840,26,4,1690,1434,8,0,11,0,0,0,0,0,6,3,0,146,460,0,0,0,0,66,343,1,0,40,0,581,8,802,0,0,23,345,0,0,0,0,0,0,0,0,0,0,2,4,2,1,4,0,60,0,13,0,4,0,773,0,0,0,2,55,0,0,0,25,0,0,0,0,0,0,0,0,0,0,0,0,0,0,0,0,0,0,0,14,146,0,0,0,142,238,0,2,0,0,0,1,0,6,4,0,0,0,5908,0,10,0,0,4,1,0,0,0,0,0,0,0,1,0,0,0,0,0,0,0,0,0,0,0,0,0,0,0,0,0,109
SRR6463394,15,0,0,3,0,0,0,0,0,0,0,0,0,0,0,493,0,0,0,0,0,0,0,0,1,0,4,0,0,2385,0,49,9,14,176,0,0,27,19628,0,161,0,0,0,0,0,0,0,0,0,0,0,0,0,0,0,0,360,0,0,0,0,9,0,0,0,460,75,65,0,0,9,0,3,39,0,0,0,0,0,0,0,0,0,317,0,0,212,41,33,0,265,0,0,561,430,0,0,102,0,0,0,0,0,0,0,364,5,0,456,604,0,0,15,0,0,0,0,0,3,1,0,346,686,6,0,0,0,1,608,4,1,68,0,1094,14,573,8,0,3,168,0,0,1,492,0,0,3,0,7,66,0,0,0,4,0,0,6,0,0,0,0,0,1172,0,1894,0,0,0,0,0,0,2,0,0,0,0,0,0,0,0,0,0,0,0,0,0,0,0,0,0,0,3,30,58,0,0,34,0,0,0,0,0,0,0,0,0,0,0,0,0,17,0,0,0,0,0,0,0,0,0,0,0,0,0,0,0,0,0,0,0,0,3,0,0,0,0,0,0,0,0,0,0,0
SRR6463395,89,22,0,2,0,0,0,0,0,0,0,0,0,0,0,805,0,2,0,0,0,0,0,0,0,0,0,0,22,7315,0,16,62,50,125,0,15,130,1219,0,822,0,0,0,0,0,0,842,0,0,0,0,0,0,0,0,0,56,0,0,0,1,5,0,0,0,1946,138,325,24,0,94,56,2,1150,0,70,0,0,0,2,10,6,0,2034,0,0,674,78,281,0,477,0,0,500,309,0,0,163,136,2,0,22,0,0,0,1188,8,3,2752,665,0,0,55,0,0,0,0,0,15,96,0,228,697,1,0,0,0,12,1700,53,2,63,2,1166,4,411,0,236,33,816,0,0,11,136,3,0,1,0,0,131,0,0,0,19,8,0,79,0,27,0,0,0,213,0,188,0,3,28,0,0,0,14,0,0,0,0,0,0,0,0,0,0,0,0,0,0,0,0,0,4,0,306,0,0,0,0,45,0,0,0,0,0,0,0,0,0,4,0,0,0,16,0,0,0,0,0,0,0,0,0,0,0,0,0,0,0,0,0,0,0,0,26,0,0,0,0,0,0,0,0,0,5,0
SRR6463396,0,0,0,0,0,0,0,0,0,0,0,0,0,0,0,176,0,15,0,0,3,0,0,3,0,0,3,0,0,10192,0,0,19,38,565,0,24,0,4,0,626,0,0,0,0,0,529,531,0,0,0,0,0,0,2,0,0,6,0,0,0,0,14,0,0,0,3877,65,0,1,1,10,29,0,73,0,0,0,0,0,0,1,0,0,1028,0,0,1586,335,98,5,2060,0,0,292,956,0,0,1331,0,1,1,0,0,0,0,2267,44,9,562,287,0,0,14,0,0,0,0,0,0,137,0,134,1270,5,0,0,3,116,704,0,6,294,0,5532,0,239,10,0,5,60,14,0,2,1701,2,0,51,0,0,0,6,0,0,0,0,0,42,127,0,0,0,0,776,0,1115,0,6,0,0,0,0,0,0,0,180,0,0,0,0,0,0,0,0,0,0,0,0,0,0,0,0,15,131,0,0,0,159,0,0,0,0,0,0,0,0,0,0,0,0,0,0,0,0,0,0,0,0,0,0,0,0,0,0,0,0,0,0,0,0,0,0,0,0,0,0,0,0,0,0,0,0,0,12
SRR6463397,10,0,0,3,0,0,0,0,0,0,0,0,0,0,0,53,0,0,0,1,0,0,0,0,0,0,1,0,8,9537,0,140,33,100,211,0,2,540,2175,0,178,0,0,0,0,0,0,218,0,0,0,0,0,0,1,0,0,0,0,0,0,0,101,0,0,0,2028,258,111,1,8,23,33,0,160,0,0,0,0,0,0,0,1,0,519,0,0,805,39,174,1,918,0,0,319,239,0,0,210,0,0,0,0,0,0,2,1502,45,4,2016,378,8,0,27,0,0,0,0,0,9,61,0,846,953,1,0,0,0,2,1155,5,0,66,1,1638,1,729,9,0,0,700,1,0,0,199,0,0,2,0,2,444,2,0,0,49,0,0,18,3,136,0,4,0,97,0,1,0,30,4,2,0,0,5,0,0,336,0,0,0,0,0,0,0,0,0,0,0,0,0,0,8,0,78,48,0,0,0,22,56,0,3,0,0,0,0,0,0,0,0,0,0,1,0,0,0,0,0,0,0,0,0,0,0,0,0,0,0,0,0,0,0,3,109,0,0,0,0,0,0,0,0,0,20,14
SRR6463398,79,49,0,0,0,0,0,0,0,0,0,0,0,0,0,92,0,0,0,0,0,0,0,0,0,0,0,2,82,8957,0,114,42,76,349,0,290,325,8,0,449,0,0,0,0,0,206,853,0,0,0,0,4,0,1,4,0,189,0,0,2,2,155,0,0,1,1239,390,67,0,10,25,181,101,947,0,29,0,0,0,0,0,1,0,934,0,0,642,81,1980,0,827,4,0,690,471,0,0,255,6,0,0,1,0,0,0,806,62,8,1911,2135,74,0,14,0,0,0,0,0,1,109,0,249,1436,2,106,1,0,24,1258,114,1,108,6,2050,52,582,23,543,30,1691,7,0,0,0,0,0,1,0,0,396,10,0,2,3,1,0,588,0,390,0,13,0,0,0,0,0,23,149,0,0,0,7,0,0,231,0,0,0,0,0,0,0,0,0,0,0,0,0,0,5,0,47,317,0,0,1,6,226,5,0,0,0,0,0,0,1,0,0,0,0,88,0,0,0,0,0,0,0,0,0,0,0,0,0,0,0,0,0,0,0,1,62,0,0,0,0,0,0,0,0,0,79,97
SRR6463399,0,0,0,2,0,0,0,0,0,0,0,0,0,0,0,361,2,3,0,0,0,0,0,1,0,0,0,0,9,11847,0,100,27,76,1029,0,3,0,1,0,1777,0,0,0,0,0,0,529,0,0,0,0,0,0,3,0,0,7,0,0,0,4,13,0,0,0,456,180,0,0,0,24,0,0,232,0,0,0,0,2,0,0,0,0,888,0,0,685,100,257,4,1008,0,0,427,570,0,0,292,0,0,0,0,0,0,0,4046,49,20,311,235,0,0,222,0,0,0,0,2,4,117,0,0,2171,1,0,1,7,0,2986,22,1,347,0,665,1,1208,0,0,16,176,51,0,2,0,3,0,21,0,0,0,5,0,0,87,0,0,602,149,71,0,2,0,46,225,0,0,100,0,0,0,0,0,0,0,0,0,0,0,0,0,0,0,0,0,0,2,0,0,0,0,0,9,433,0,0,0,57,108,0,0,0,0,0,0,0,11,10,0,0,0,42,0,0,0,0,3,0,0,0,0,0,0,0,0,0,0,0,4,0,0,0,0,0,0,0,0,2,0,0,0,0,0,0
SRR6463400,0,0,0,27,0,0,0,0,0,0,0,0,0,0,0,389,0,0,0,2,0,0,6,0,0,0,0,0,0,9748,0,22,1,0,491,0,0,0,6,0,45,0,0,0,0,0,0,966,1,0,0,0,6,0,4,29,0,4,0,0,0,0,55,0,0,0,834,14,0,0,0,0,0,0,1824,0,0,0,0,1,0,0,0,0,128,0,0,7612,1,854,3,2324,0,1,517,176,0,0,88,0,0,0,0,0,0,0,1328,8,4,54,22,0,0,21,64,2,0,0,11,979,1049,0,337,1831,0,0,0,0,0,3174,10,0,138,0,230,31,84,0,0,0,372,0,0,0,0,0,0,14,0,0,4196,0,0,1,2366,0,0,441,0,0,0,0,0,162,0,0,0,19,0,0,0,0,0,0,0,0,0,0,0,0,0,0,1,0,0,0,0,0,0,0,0,0,740,0,0,0,0,0,4,0,0,0,0,0,0,0,39,1,0,0,0,18,0,0,0,0,76,0,0,0,0,0,0,0,0,0,0,0,7,0,0,1,1225,0,1,0,0,0,0,0,0,0,0,1
